Sentiment,Tweet
0,is upset that he can't update his Facebook by texting it... and might cry as a result  School today also. Blah!
0,@Kenichan I dived many times for the ball. Managed to save 50%  The rest go out of bounds
0,my whole body feels itchy and like its on fire 
0,"@nationwideclass no, it's not behaving at all. i'm mad. why am i here? because I can't see you all over there. "
0,@Kwesidei not the whole crew 
0,Need a hug 
0,"@LOLTrish hey  long time no see! Yes.. Rains a bit ,only a bit  LOL , I'm fine thanks , how's you ?"
0,@Tatiana_K nope they didn't have it 
0,@twittera que me muera ? 
0,spring break in plain city... it's snowing 
0,I just re-pierced my ears 
0,@caregiving I couldn't bear to watch it.  And I thought the UA loss was embarrassing . . . . .
0,"@octolinz16 It it counts, idk why I did either. you never talk to me anymore "
0,"@smarrison i would've been the first, but i didn't have a gun.    not really though, zac snyder's just a doucheclown."
0,@iamjazzyfizzle I wish I got to watch it with you!! I miss you and @iamlilnicki  how was the premiere?!
0,Hollis' death scene will hurt me severely to watch on film  wry is directors cut not out now?
0,about to file taxes 
0,@LettyA ahh ive always wanted to see rent  love the soundtrack!!
0,@FakerPattyPattz Oh dear. Were you drinking out of the forgotten table drinks? 
0,@alydesigns i was out most of the day so didn't get much done 
0,"one of my friend called me, and asked to meet with her at Mid Valley today...but i've no time *sigh* "
0,@angry_barista I baked you a cake but I ated it 
0,this week is not going as i had hoped 
0,blagh class at 8 tomorrow 
0,I hate when I have to call and wake people up 
0,Just going to cry myself to sleep after watching Marley and Me.  
0,im sad now  Miss.Lilly
0,ooooh.... LOL  that leslie.... and ok I won't do it again so leslie won't  get mad again 
0,Meh... Almost Lover is the exception... this track gets me depressed every time. 
0,some1 hacked my account on aim  now i have to make a new one
0,@alielayus I want to go to promote GEAR AND GROOVE but unfornately no ride there  I may b going to the one in Anaheim in May though
0,thought sleeping in was an option tomorrow but realizing that it now is not. evaluations in the morning and work in the afternoon! 
0,@julieebaby awe i love you too!!!! 1 am here  i miss you
0,@HumpNinja I cry my asian eyes to sleep at night 
0,ok I'm sick and spent an hour sitting in the shower cause I was too sick to stand and held back the puke like a champ. BED now 
0,@cocomix04 ill tell ya the story later  not a good day and ill be workin for like three more hours...
0,@MissXu sorry! bed time came here (GMT+1)   http://is.gd/fNge
0,@fleurylis I don't either. Its depressing. I don't think I even want to know about the kids in suitcases. 
0,Bed. Class 8-12. Work 12-3. Gym 3-5 or 6. Then class 6-10. Another day that's gonna fly by. I miss my girlfriend 
0,really don't feel like getting up today... but got to study to for tomorrows practical exam... 
0,He's the reason for the teardrops on my guitar the only one who has enough of me to break my heart 
0,"Sad, sad, sad. I don't know why but I hate this feeling  I wanna sleep and I still can't!"
0,@JonathanRKnight Awww I soo wish I was there to see you finally comfortable! Im sad that I missed it 
0,Falling asleep. Just heard about that Tracy girl's body being found. How sad  My heart breaks for that family.
0,@Viennah Yay! I'm happy for you with your job! But that also means less time for me and you... 
0,"Just checked my user timeline on my blackberry, it looks like the twanking is still happening  Are ppl still having probs w/ BGs and UIDs?"
0,Oh man...was ironing @jeancjumbe's fave top to wear to a meeting. Burnt it 
0,is strangely sad about LiLo and SamRo breaking up. 
0,@tea oh! i'm so sorry  i didn't think about that before retweeting.
0,Broadband plan 'a massive broken promise' http://tinyurl.com/dcuc33 via www.diigo.com/~tautao Still waiting for broadband we are 
0,"@localtweeps Wow, tons of replies from you, may have to unfollow so I can see my friends' tweets, you're scrolling the feed a lot. "
0,our duck and chicken are taking wayyy too long to hatch 
0,"Put vacation photos online a few yrs ago. PC crashed, and now I forget the name of the site. "
0,I need a hug 
0,"@andywana Not sure what they are, only that they are PoS! As much as I want to, I dont think can trade away company assets sorry andy! "
0,@oanhLove I hate when that happens... 
0,"I have a sad feeling that Dallas is not going to show up  I gotta say though, you'd think more shows would use music from the game. mmm"
0,Ugh....92 degrees tomorrow 
0,Where did u move to?  I thought u were already in sd. ?? Hmmm. Random u found me. Glad to hear yer doing well.
0,"@BatManYNG I miss my ps3, it's out of commission  Wutcha playing? Have you copped 'Blood On The Sand'?"
0,just leaving the parking lot of work! 
0,The Life is cool. But not for Me. 
0,"Sadly though, I've never gotten to experience the post coitus cigarette before, and now I never will. "
0,I had such a nice day. Too bad the rain comes in tomorrow at 5am 
0,@Starrbby too bad I won't be around I lost my job and can't even pay my phone bill lmao aw shucks 
0,Damm back to school tomorrow 
0,"Mo jobs, no money.  how in the hell is min wage here 4 f'n clams an hour?"
0,@katortiz  Not forever... See you soon!
0,"@Lt_Algonquin agreed, I saw the failwhale allllll day today. "
0,@jdarter Oh! Haha... dude I dont really look at em unless someone says HEY I ADDED YOU. Sorry  I'm so terrible at that. I need a pop up!
0,@ninjen I'm sure you're right...    I need to start working out with you and the Nikster... Or Jared at least!
0,i really hate how people diss my bands!  Trace is clearly NOT ugly!
0,"Gym attire today was: Puma singlet, Adidas shorts.......and black business socks and leather shoes  Lucky did not run into any cute girls."
0,Why won't you show my location?!   http://twitpic.com/2y2es
0,No picnic  my phone smells like citrus.
0,"@ashleyac My donkey is sensitive about such comments. Nevertheless, he'd (and me'd) be glad to see your mug asap. Charger is still awol. "
0,No new csi tonight.  FML
0,i think my arms are sore from tennis 
0,wonders why someone that u like so much can make you so unhappy in a split seccond . depressed . 
0,sleep soon... i just hate saying bye and see you tomorrow for the night. 
0,"@statravelAU just got ur newsletter, those fares really are unbelievable, shame I already booked and paid for mine "
0,missin' the boo 
0,@markhardy1974 Me too  #itm
0,Damn... I don't have any chalk! MY CHALKBOARD IS USELESS 
0,"had a blast at the Getty Villa, but hates that she's had a sore throat all day. It's just getting worse too "
0,@msdrama hey missed ya at the meeting  sup mama
0,"My tummy hurts.  I wonder if the hypnosis has anything to do with it? If so, it's working, I get it, STOP SMOKING!!!"
0,why is it always the fat ones?! 
0,"@januarycrimson Sorry, babe!!  My fam annoys me too. Thankfully, they're asleep right now. Muahaha. *evil laugh*"
0,@Hollywoodheat I should have paid more attention when we covered photoshop in my webpage design class in undergrad 
0,wednesday my b-day! don't know what 2 do!! 
0,Poor cameron (the hills) 
0,"pray for me please, the ex is threatening to start sh** at my/our babies 1st Birthday party. what a jerk. and I still have a headache "
0,"@makeherfamous hmm  , do u really enjoy being with him ? if the problems are too constants u should think things more , find someone ulike"
0,Strider is a sick little puppy  http://apps.facebook.com/dogbook/profile/view/5248435
0,"so rylee,grace...wana go steve's party or not?? SADLY SINCE ITS EASTER I WNT B ABLE 2 DO MUCH  BUT OHH WELL....."
0,"hey, I actually won one of my bracket pools! Too bad it wasn't the one for money "
0,"@stark YOU don't follow me, either  and i work for you!"
0,A bad nite for the favorite teams: Astros and Spartans lose.  The nite out with T.W. was good.
0, Body Of Missing Northern Calif. Girl Found: Police have found the remains of a missing Northern California girl .. http://tr.im/imji
0,"@mangaaa I hope they will increase the capacity fast, yesterday was such a pain. Got the fail whale +15 times in 2 hours.... "
0,Behind on my classes for work 
0,watching &quot;House&quot; 
0,@kpreyes Remember my bum leg? Strikes back this time its serious 
0,"@paradisej cool, i will. their are all kinds of complaints about this laptop online about overheating, but no recalls "
0,Emily will be glad when Mommy is done training at her new job. She misses her.  http://apps.facebook.com/dogbook/profile/view/6176014
0,would rather the first party send bad messages than the 3rd party send mixed ones  Sophmore year all over again?
0,@Henkuyinepu it's overrated 
0,@marykatherine_q i know! I heard it this afternoon and wondered the same thing. Moscow is so behind the times 
0,laying in bed with no voice.. 
0,I'm sooo sad!!! they killed off Kutner on House  whyyyyyyyy
0,@jacobsummers Sorry  tell them mea culpa from me and that I really am sorry.
0,"@Alliana07 it didn't make any sense to me, the suicide thing. I refuse to believe that that is actually what happened. "
0,@salancaster  hope your ok.
0,@mercedesashley Damn! The grind is inspirational and saddening at the same time.  Don't want you to stop cuz I like what u do! Much love
0,@HibaNick yeah aw but i know i wudnt stand a chance 
0,ugh. cant sleep. its 1:30am. 
0,Hanging in Crooners. Wanna sing. Can't. Sucks. 
0,@eRRe_sC aaw i miss ya all too.. im leaving to BH tomorrow &quot;morning&quot; i think.. aww i wanna go to the beach w u girls!! 
0,Is pissed off that there's no ASBA's for a radio station. 
0,wednesday my b-day n don't know what 2 do!  
0,I know my life has been flipped upside down when I just thought in my head that some Ramen sounds good. 
0,I am in pain. My back and sides hurt. Not to mention crying is made of fail. 
0,"Late night snack, glass of OJ b/c I'm &quot;down with the sickness&quot;, then back to sleep...ugh I hate getting sick... "
0,@allyheman but.. but.. but.. I'm not a big fan on camilla belle 
0,"@grum WAH I can't see clip, must be el-stupido work filters. Can't wait 'till I get a 'puter. Something else 2 blame ex 4. He broke mine "
0,This week just seems to get longer and longer in terms of how much I need to do.. and how much I'm actually going to get done 
0,I'm so cold 
0,@thecoolestout Ehhh don't. Weather's gonna take a turn for the ugly tomorrow 
0,@chelserlynn haha its so cooooold in the d! and no  but you should still go to the show. they do some incredible stuff
0,Hoping the tummy rumbles go away soon 
0,"@Knights_ No, no notice. They told me I'd be working tomorrow, and then I called the agency to follow up and they said it was over. "
0,almost bedtime 
0,I'm missing you babe..  but as long as your alive I'm happy.. Yawwwnn.. I'm tired my love imma try to sleep hopefully you had a headstart
0,Agh...snow!!! 
0,i miss kenny powers 
0,"@BridgetsBeaches Thank you for letting people know, but now I'm sad that the direct message I got wasn't actually from Bridget "
0,"...and, India missed out its 100th Test victory n 10th consecutive win without a loss. "
0,@JonathanRKnight I guess that's a no then. 
0,sadly is going to bed. 
0,@ozesteph1992 Shame to hear this Stephan 
0,@mrsaintnick hey! i'm leavin in the morning... 
0,"Was intending to finish editing my 536-page novel manuscript tonight, but that will probably not happen. And only 12 pages are left "
0,laid around too much today... now my head hurts 
0,@twista202 I still haven't read the 9th&amp;10th Princess diaries  Saving Francesca made me cry at the end. Hmm those are easy books.
0,my nokia 1110 died..  
0,My mom might have breast cancer won't find out anything for. Like a week I'm so worried! 
0,Going to sleep. Hoping tomorrow is a better day. 
0,@rumblepurr lol.. wish they understood daylight savings has ended though and breakfast is an hour later  They keep waking the kids up too
0,@onemoreproject that is lame 
0,I don't understand... I really don't 
0,HEROES just isn't doing it for me this season... 
0,Living not downtown sure isn't much fun.  
0,@jonathanchard Not calorie wise   I wish junk food was calorie free! I ate a thing of sour skittles and a big ass cherry coke!
0,Man Work is Hard 
0,"getting sick  time for some hot tea, studying, and then sleeeep"
0,Getting eyebrows waxed. More pain 
0,No phantasy star yesterday  going to work...
0,Oh - Just got all my MacHeist 3.0 apps - sweet. Didn't get the Espresso serial no though although they said they sent it - oh well 
0,Picked Mich St to win it all from the get go.  Was feeling pretty good about that pick all the way up until......tonight.  A's lost too 
0,is alone downstairs...working 
0,I feel bad for doing it 
0,"@RyanSeacrest is it just me, or she hates anoop. i mean seriously, she's kinda mean to him. "
0,@pinkserendipity yes sprint has 4g only in baltimore and chicago so far 
0,I'm stuck awake in the middle of the night for the second day in a row. And I felt terrible yesterday. 
0,Thanks for bursting my bubble 
0,Going to school soon... can't find anything to wear!! gosh it's so hard 
0,@marieclr I was serious  LOL
0,@naughtyhaughty I had on my page for sooooo long!!! Until it got deleted  Sad day in history
0,Crazy wind today = no birding  http://ff.im/1XTTi
0,currently at work.. 
0,Grrr.. my ipods acting weird too! Jai ho and thinking of you aren't playing the full songs.. ughh. 
0,@penndbad send me the DVD cos I have missed out on heaps  NOT happy about that!
0,i don't see the big deal with this website 
0,@machineplay I'm so sorry you're having to go through this. Again.  #therapyfail
0,@ColinDeMar Far too out of the way for rail.  any other tips?
0,I'm not still up I swear. Why do I keep losing. gaining. losing. gaining. tweeps?  So heart wrenching.
0,"Today I realized I am too good at hiding things, even I can't find it "
0,"Staying at a friends house...house sitting, neighbors are SO loud-having a party "
0,@dannyvegasbaby danny im upset that i wasnt here to watch the live chat  i was in a car. for 3 hours on a trip im soooo upset!!
0,Check out my mug  http://www.erika-obscura.blogspot.com
0,Borders closed at 10 
0,Downloading NIN's new album &quot;the slip&quot; - when the hell did this come out? I'm so behind the times these days 
0,Just woke up an already have written some e-mail... I've to go early at University today as I have to teach at 8:30 AM! 
0,is watching the hill . . .and its making me sad 
0,So many channels.... yet so so boring... lazy day again  may have to find a hobby
0,@supersport I miss my buddy  ill be in NY on the 25th
0,@robluketic  love the french. I tell people here in the south i'm qtr. french and they snarl at me.  french are beautiful people
0,Opps.. As I said.. I still got one day remain and now problem come 
0,"I activated my Selfcontrol block early, meaning I can't check out the new QC.  Regularizing my internal clock is might be difficult. #fb"
0,@HillyDoP  oH NO
0,spencer is not a good guy. 
0,"@goodlaura What about Reese dying on #TTSC? And season finale next week.  #24 boring, Madame President is a crazy woman."
0,"@JonathanRKnight I hate the limited letters,too.Hope you and the guys are fine?I pray for my dog,sheï¿½s not well "
0,didn't get shit done today ~ i'm so screwed 
0,wanttss to go out 
0,Is not going to sleep tonite. 
0,too worried and tired to post tonight 
0,couldn't get shit done today ~ i'm so screwed 
0,"Job Interview in Cardiff today, wish me luck! Got about 3 hours sleep "
0,"@stustone Your show is whack. Way worse than whack, it's wiggety-whack.    :*(:*(:*("
0,@DjAlizay I really don't think people choose to be that way. But I think he chose not to accept my family's help   He might be dead by now
0,"@eloquentembrace You're going to kill me, but I've not seen DS9. I've been waiting till I can do it in one solid week sitting. "
0,@cheechbud i think ur right!! hahaha!! 4.5 hrs now!! 
0,i hate to see the spartans so sad 
0,My mind and body are severely protesting this &quot;getting up&quot;  thing. Had nightmares to boot 
0,"@MySteezRadio I'm goin' to follow u, since u didn't  LOL  GO ANGELS!"
0,@mandayyy 
0,@twista202 I think I want to read some books but the library doesn't have them 
0,My nap was interrupted so many times today  Going out for Japanese with the 'rents again...
0,Kind of longs for the bus that shows up at the end of Ghost World right now. Ugh. 
0,@GuruMN but this is canada  canada is weird. we're supposed to get snow through wednesday. ugh.
0,Awwh babs... you look so sad underneith that shop entrance of &quot;Yesterday's Musik&quot;  O-: I like the look of the new transformer movie 
0,sad that the 'feet' of my macbook just fell off 
0,I'm gonna get up late tomorrow and it's 132am here. I gonna get tipsy by my lonesome. That's...that's just sad 
0,"I'm sweating my forthcoming trip to E3.  If I can't find someone to crash with while I'm out there, I may be screwed.  "
0,"Has now gotten somebody to read his tweets, but cant get them to make an account. "
0,@infinitydefines  omgawd i couldnt handle my cat being in heat all the time D: D:
0,@DonnieWahlberg I hope i can make it to the auburn show. but its not looking good for me 
0,@David_Henrie *thats people mag haha i couldnt fit it all in.. i dont think those pictures ever made it in the magazine tho!  haha
0,@breadandbadger Congrats!!  i totally forgot to submit photos 
0,"@PaulaAbdul awww, Good luck Paula!! Please don't work too hard  but I hope you have fun  Your new album is gonna be amazing!  xxx"
0,@imaginarypeach now your leaving me  .... -gets sad-
0,"I miss you twitter. My phone broke, now I'm using a stupid Nokia phone. Ughhh, I miss my advance phone. "
0,SHOOTING OUTSIDE MY HOUSE :O NOT KIDDING! So SCARED 
0,Tuesdayï¿½ll start with reflection ï¿½n then a lecture in Stress reducing techniques. That sure might become very useful for us accompaniers 
0,What tragedy and disaster in the news this week 
0,yes yes still trying to find a picture that will upload correclty.. 
0,Why oh why was the Red Sox game rained out? I was so looking forward to opening day 
0,I still can't find my keys. 
0,@charlietm I know right. I dunno what is going on with twitter. 
0,might be getting a sore throat again 
0,@labelsnotlove   my home town. My mammy called all depressd.  Pls explain y a parent let their 8yr old child walk alone? Hello? Its 2009!
0,@ircmaxell - I think I need to find better anti-depressants.  I think this Paxil/Wellbutrin combo is losing its efficacy.  
0,@MyConnecticut Restaurant called WoodNTap has competitive eating tourney round tourney time. We place 2nd 
0,is in the bathroom... wake up lakin. 
0,@CaitlinOConnor i want tacos and margarhitas  telll gay i say hello&lt;3
0,"im lonely  keep me company! 22 female, california"
0,bad day at the betfair office 
0,I miss him.  Can't wait to celebrate the Tar Heel win this weekend though!!
0,I'm really cold. I don't want to go to sleep yet but there's nothing to do 
0,@kristencampisi is this it 4 u? Its ' officially over ' 4 me this go round! 
0,monkeys??? i just found out you my twin and you wont even write back.  i'm heartbroken
0,@miss_om Aww  I know I felt like that yesterday at work 
0,@SarahReedSC treaty isn't defined 
0,missed Brent at praise band.   No fun to not have the your lead guitarist.  &lt;pout&gt;
0,@jpfurry poor john  this is what happens when you play with fruit and a microwave! Seriously though HAVE you seen a doctor?? Xxx
0,Missing My BFF  watching home and away it reminds me of her and me  we &lt;3 It. shout out to u courts
0,@mandayyy   
0,New video card is DOA. 
0,"feeling lost, naked and confused (JK, sort of).....no iphone for me. "
0,"Damn i am so late at filling this appraisal form, people have almost sent it .. i was so occupied in work "
0,missed Brent at praise band.  No fun to not have your lead guitarist. &lt;pout&gt;
0,i think to much on the past. i cant change it. i deserved so much more then wat i got. ..but why am i still thinking about him  gah
0,has lost his ring. It's no-where to be seen 
0,"@burgaw Ooooooh! *sealclap* See, I download shitloads of zip folders off 4chan. I have no internet moneys.  FUCK YEAH ALICIA &amp; MIKEY."
0,Is still nursing my Nile but glad he is feeling better. I hate when my baby is sick 
0,Is fucked to go back to IC 
0,@Brandizzzle08 yoyoyo. my internet has been rude tonight. it JUST reconnected and I'm about to go to bed. 
0,@jemcam well i have uni stuff and netball  but after netbal if i've done uni stuff we can
0,@kissability Me too I is poor 
0,help me forget 8th april &amp; 13th july! 
0,"dierks bentley is comin' to columbus, OH!! i wanna go so bad "
0,i have to take my sidekick back. 
0,@chriscantore congrats! I'm totally jealous! only wish my XM was working 
0,gr8t my face is very itchy 
0,poor socks  luvvvvv the golden retriever!! I want one sighhhh
0,I just saw that they found that Tracy girl in a piece of luggage... How fucking terrible 
0,Aaaaand the nausea is back. 
0,@DonnieWahlberg ooh Iï¿½m excited and not even going 2 be there  long love YOUTUBE!
0,spent 1 hour to reach to Axis bank only to find out today is holiday for Mahavir Jayanti  contd..
0,@mathewsmichael  i agree... the jobros dont update theres very often 
0,@fishmouse it is hilarious and I linked the clip from LJ some time ago but when I went back just now it was a dead link 
0,@DiannePulham OOOOOOOO who with? (im not neither but thats because i need to study  )
0,"Haven't tweeted nearly all day  Posted my website tonight, hopefully that goes well  Night time!"
0,@bostongarden I miss bentley 
0,seriously needs to finish these job applications 
0,"My son Vincas is sick, so I stay at home  Just three tense days at work, and I am back on holiday with kids"
0,Whinging. My client&amp;boss don't understand English well. Rewrote some text unreadable. It's written by v. good writer&amp;reviewed correctly. 
0,@huntermoore I don't want him to ever punch me.  
0,sooo sick of the snow  ughh
0,@ITS_NEMESIS ------- 
0,@LoveMeagan it doesn't work your fan is upset 
0,I would like to apologize for the repeated Video Games Live related tweets. I am going to have a stern discussion with Koodo soon. Stern. 
0,@zaydia but i cant figure out how to get there / back / pay for a hotel etc 
0,"FML: So much for seniority, bc of technological ineptness, I now have to &quot;register&quot; for classes AGAIN "
0,feels like she slept the day away.    Not looking forward to any more bouts with my gallbladder.  At least I have pills now for the pain.
0,@ThaStevieG but what I really want is my old bass back 
0,Mad tired today... Callin it in early tonight  nighty night twittas
0,"@LevenRambin: Take it easy, and be good to you. "
0,I'm afraid I had bad code. 
0,Think I'm going to bed. Goodniight. I hate this 
0,"@riancurtis  i'm here, friend, and i love you."
0,@kariajay  All this time you didn't notice I was gone...just needed DB2 is it??
0,@aaronrva is in the bathroom and i have to pee!    
0,@ashleyskyy but I wanted a margarita too! 
0,@KourtneyKardash yup night workouts r the worst but unfortunetly my work schedule only allows me to go at night  its tough!
0,Just called Hillsong again - they said they couldn't tell me where I was on the waiting list - I don't know if it's looking so good 
0,"has 0g of milky bar left, and around 200ml of coke "
0,@jokerrrr It stillllll hasn't arrived 
0,"Mraow, I feel like dancing, but first art school wants to rape me some more. "
0,@karenucol ah! I bet it does I've been like craving to play softball or basketball !!! But I have noo time 
0,Is terrified she accidentally deleted a reference in her management assignment and hopes she doesnt get in trouble when she gets back 
0,amazon s3 plugin not worked in my website . it need PHP 5 . but my hosting provider has only PHP 4.4  . very sad.
0,"Argh! I was suuuper sleepy an hour ago, now I'm wide awake.  Hope I don't stay up all night. :-/"
0,"@austinhill I wish I was!  Sold out   If you have some time let me know, I would love to hear more about what you are up to!"
0,Just watched tropic thunder. Dreading tomorrow 
0,@qweendassah no...he's still miss'n... 
0,ChiefDelphi is down 
0,"http://twitpic.com/2y2wr - according to my bro, our new puppy had a poo fight and was covered in poop  (picture stolen from him)"
0,playing game at home! my new boss didn't call me yet... 
0,Su yin Huen tweeted I feel unbearable guilt. I made my staff cry  http://tinyurl.com/cw2l9t
0,Poor Joshy is sick???   those damn tejanos!
0,My thoughts are with Sandra Cantu's family at this difficult and sad time 
0,"@FranzGlaus I know, just wanted to let everybody know what was happening  "
0,Michigan who?  I don't know them.                   *sigh*   Shameful!
0,i have to fill two hours 
0,"@alicayaba so cuuute! hey, i miss you na!  its not the same not seeing you girls everyday "
0,@JonathanRKnight Oh! Did I mention it? &quot;Gooooood Moooorniiiiiiing&quot;  from Germany! Im back in my cage....or better...my office 
0,throat is closing up and i had some string cheese. not a good idea 
0,"Aww, Sandra Cantu is found dead in a suitcase  Missing children stories never seem to go good. Poor family."
0,wishing i was home underneath my covers 
0,walking home from school drains all my energy 
0,"@ridley1013 I agree. The shapeshifting is a copout. I was so excited for Angela's ep, I thought it was this week.  Noah was awesome tho!"
0,@SaveTheStrib Dang! I would have done this if I knew it was there earlier.  Any other outings planned?
0,I wish I was better at writing. It's taking me so long to write this paper. 
0,..and of course... I have access to my Halo 3 Mythic Map Pack re-download.. but bad news.. not the Legendary Map Pack... ugh.. 600MS... 
0,"@vene2ia ...not yet unfortunately, another few weeks I've been told  How are you? I've been a little bit busy with my latest project."
0,@thecoolestout Ha the sun's already gone 
0,day 2. a lot harder than day 1. let's see how day 3 goes tomorrow. 
0,My man crush Jake Peavy let me down  #gayforpeavy
0,"@trishzw megafast trip, you have time during day tom/weds? Or, you going out tonight? Want to see you bad. Tried to warn you, tech fail "
0,michigan state you make me sad 
0,omg. my mouth is in so much pain  i just wanna sleep untill its time to take my braces off.
0,getting annoyed easily today  &gt;&gt;&gt; biofuel proposal: getting annoyed easily today  &gt;&gt;&gt; biof.. http://tinyurl.com/ceprvs
0,@MizzChievouz Hey girl. The site is back.  Girlyvue is back and they have even more videos. 
0,@a5hleyf i'm spending time with my grandma early tomorrow and i can't leave skittles by herself. 
0,just got home from watching Michigan State get tromped!   
0,"Oh jew-bus! Two years worth of classes' work is ALOT to organize &gt;_&lt; i'm not finishing tonight, it's not possible...my bones ache "
0,"@griffmiester no exchanging for me, my laptop hasn't arrived "
0,@hyperbets i hope this doesn't last too long.  i feel miserable!
0,@rcompo RACHEL! hang outage is neccessary - i was gonna be home this wekend but dumb folk make me work   so im free F and Sat until 4...
0,@TheLeagueSF Not Fun &amp; Furious? The new mantra for the Bay 2 Breakers? It was getting 2 rambunctious;the city overreacted &amp; clamped down 
0,@amber_benson  my hubby (for some reason) thinks it's more important he has a good spot for red carpet for the Trek Movie Premiere. Sod!
0,"I swear no matter how long I've been getting up at 5am, it never gets any easier. Man my eyes hurts wah "
0,@Jeffree_Star Jeffree! How do you keep your hair one color? My PERMANENT dye fades within the week 
0,"@otakusecret my reaction too  whoa, didn't see that coming"
0,"still sick. feeling a bit better, got some new medicine.... hope I feel good after a night of sleep. ohh, and it's suppose to snow! WTF! "
0,"@Dangerm0use I think maybe you should get a couple more hours of sleep, hon. How productive can you be right now if ur dog tired? I worry "
0,@maddyVA Thanks a lot. Learned a lot of new words but didn't find what I was looking for. 
0,Wish I had all the XBLM downloads all on the gamertag 'Hitokyri'. This 5 gamertag thing is nonsense... and I'm tired of it 
0,New Testament Test at 9:30 am   
0,@ScoutBuck tons no hay Troll? ahhhh 
0,stupid movies we watched... mirrors ugggggh... stooopeeed!!! rip off! 
0,"http://twitpic.com/2y2yi - I love you, Buck. "
0,last one!!! but still not done!!! 
0,homework.... 
0,I don't understand why things get taken away. I didn't have enough time with him its unfair. I want him back!! He was like my baby 
0,Scratch that: du in heif (two in a half) cookies. My tum just can't take anymore shoog. Poots 
0,@cococourtney i was just listening to the sweets for the first time in forever! i miss them so much  can we go to chi town for visits plz?
0,"Geez what a busy afternoon. Meetings, emails, meetings and email and more meetings. 6pm and the day is still going! Ah its dark and "
0,"DANG!!! ANOTHER SPRING BREAK!!!  HOW COOL IS THAT???  TOO BAD I HAVE TO WORK ALL WEEK  OH WELL, MORE MONEY FOR A PHONE.  ttyl EVERBODY!!!"
0,@Sara_Kate Im afraid too  ( ur reply about uni from ages ago
0,feeling down 
0,@CarVin1 lol they are some emotional ass men!! Omg all this late night eating.. Both of us are broke 
0,"@nick_carter Aww Nick!! I like your hair longer, why did you cut it off?  Break. My. Heart."
0, wonder if Jon lost the net
0,Wow. The most depressing thing in the world is losing a video that you've created in a matter of seconds.  #FML
0,@nchokkan https://www.mycomicshop.com/search?TID=395031 But all says not in stock 
0,@Poohpot lmao im sorry poohpot i ate it all! 
0,Any chance  Softbelly (for @MTUB) isn't loud? 
0,Time to move my posterior  and lose some fat. My articulation are creaking so no more running  but Iï¿½m drool for some swimming
0,listening to nathan cry.... 
0,today sucked. I'm gonna die without chris and callum!  wahhh!
0,"STOU site not update, no info about 2/2552 exam, and open course, I must wait for mail notices and doc. um... "
0,@ohsbrat30...I'm sorry. I'm feeling kinda yucky myself. 5am is going to come too quick 
0,is in love with scrappy and is missin him already 
0,wants to hear @seblefebvre 's song but myspace is messing with me 
0,Bad news was Dad has cancer and is dying   Good news new business started and  I am now a life coach practising holistic weight management
0,@duchess_rebecca Man... intervention is soo sad 
0,HELP! I need a new boyfriend... I'm stuck in a rut 
0,I feel like a complete idiot. I'm the only one who doesn't get how this shit works  help me 
0,Saw an ad on Craigslist for a casting call for a female host on G4. I was totally psyched! But realized it was a hoax 
0,Pepperoni rolls in L.A.?: I called Valentino's - they said that they had sausage rolls but no pepperoni rolls  http://tinyurl.com/cec5ka
0,"@soillodge yes, it will be. it's only Monday "
0,i want the new GG episode already 
0,I miss watching Rocko's Modern Life. 
0,RIP Sandra....its so sad    how can someone do something like that??
0,Keeping my fingers crossed for my buddy    He is not feeling well.
0,Wait should I eat?? Or be skinny for vegas!! I'm hungry! 
0,"@Marge_Inovera I tried tweetdeck once and I hated it with a passion. Or it hated me, I'm not sure... "
0,"@benackerman BTW my iPhone is acting funny, dying quickly and freezing and BS.  I'm not admitting anything, just sayin "
0,Sitting here wondering why &quot;ED&quot; still has such a strong hold on me 
0,@bananaface IM SORRY I GOT YOU SICK.  lol. going to bed too. NIGHT!
0,"@carolrainbow no Internet at home, have to drive into Ox to use Internet because of builders! "
0,@Steve_Buscemi the weather in Canada is freezing 
0,twiggassssssss I been out of range all day  I'm back now and hopefully for good.
0,@danadearmond 
0,anyone who reads this pray for my Grandma. She's in pain 
0,"#3 woke up and was having an accident - &quot;It's pushing, it's pushing!&quot; he was crying because he couldn't stop from wetting his pants.  "
0,"Home from Franklin street, I almost jumped over a fire. Someone kicked it before I could.  Jenny lost her shoe."
0,@johnnybeane hey! you just changed your default. 
0,Finally gave in and was bored enough to start this thing. I think the 140 is going to be a problem for me tho.  its like a myspace status.
0,"@ellievolia If oooonly we were really so lucky, eh? And awh  Definitely too early for work."
0,buttload of homework! 
0,needs another copy of visual studio 2008 
0,"why to we, the only school in the world, be in this week.My school is silly  anyway... look on the bright side. When i'm off, u will be in"
0,omg i've an economics test. and i dont know all the things i have to know and omg im gonna fail 
0,"@robcthegeek Once upon a time Hundred Islands was the pride of Philippine tourism, but coral/clam/rare fish poaching did it in. Kinda sad "
0,"@Henkuyinepu yeah, apparently i have really bad taste "
0,@hummiemd I KNOW! I was really surprised since everyone recommends them on youtube.  I have to call them tomorrow and figure it all out.
0,Waiting at the airport for my ride while I get harassed by 2 men trying to sell me ugly hats.. Why me?!  I just want to sleep..
0,i left my IDs at the location and now i can not go out to bars  FUCKKKKKKKKKKKKK
0,@celycarmo i'm sorry I don't understand your last comment 
0,@OfficialRandL when is the announcement? i stayed up late last night 
0,"@KishoreK this is strange, illegal torrents avlbl everywhere, legal DVD not in stock  What do I do now???"
0,ITS NOT ENOUGH TO SAY THAT IMISS U 
0,This trolley has up packed in like sardines! Padre game and they REMOVE a car?! Good call MTS 
0,"@RandomlyNat Jeez, I was just trying to help  Haha."
0,@SupaMagg that happened to me saturday night. along with my glittery green lighter! 
0,trying to reduce the number of cigarettes in each day! 
0,yea it is so quiet around here cuz everyone has to work im bored to death with nobody to talk to 
0,gotta do my cooking assignment  its too hard
0,"@treesahquiche okay, about the applepears, I've talked to a few people and they've ALL had them before. No one ever told me, never "
0,"@jennifermf I know!  I'm a night owl by nature, hahaha Am I a time zone behind you? It's almost 1 here"
0,@mamasvan lol - nope! but i did have complete #camerafail 
0,@maxime68 @megelder But! I'm useless if I don't sleep  It's not fair! I want all the fun as well!!!
0,My Pookie has a UTI.  I have to be Nurse Gabbie and get him back to 100%!!! No more sodas!!!!!!!!!!!!!!
0,@jillianfish tweet something damn it!  and hang out with me please? 
0,@anistorm 
0,"I'm SO behind in video games, and everything for that matter. I'm yesterday's news "
0,"@sleep_til_noon I did, it was the only one left but I got tempted and ate it soon as I got home  I had a chocolate velvet &amp; ate d mocha"
0,Is stressing out because my blackberry keeps flashing a red alert status for no reason!! Its faking me out and I hate it!!! 
0,http://twitpic.com/2y34e - I wanna wear my Doc Martens out! Haven't worn them since December. 
0,When to the shoe repair shop and the guy could not find my shoes!  So I have to go back and see if he can find them in a couple days. 
0,@B_Barnett I did not really see that coming 
0,"just woke up from the most vivid, sketchy, not-cool dreams of my life. time to stare at the wall with the lights on. "
0,it'll take 3 days for my sister to get her passport 
0,@nicolerichie OH MY YES!! i miss 
0,Uh oh... I think I am getting sick 
0,Good GOD they ruined my belly button!!!  
0,Watching Who Framed Roger Rabbit. Makes me miss Toon Town. 
0,"@akianz renting.. but very cheap renting, and awesome house. We had 3 buying attempts fall through "
0,running nose + spinning head = not a good combination for a meeting! 
0,@EazyDoesIt87 NEGATIVE.. you lost my vote of confidence 
0,Nasty budget due and my iphone is being sent to Apple today. 
0,@Sofii_Noel thatï¿½s bad 
0,"Dammit, episode 3 of Kings won't play for some reason  stopped in the middle now won't do anything"
0,I'm so upset that I missed my chat and quiz online because my free internet has ceased 
0,can't believe it! I'm in disbelief of it all in a way really. How much can I take from people and always get hurt by others!! 
0,Car show season has started without me 
0,my throat is raw. 
0,@KevChoice I just don't get it. What in a persons mind could even have them on some ish like this???  My prayers are with her fam for real
0,@frago I hate you. I didn't need to see that. I need to call my therapist now. 
0,Twilight didn't come yesterday  fingers crossed for today
0,@NileLegania glad I was able help you feel better. I hate to see you sick  Love you!
0,is tireddddddd. want to sleep but i have an assignment to finish and an exam tomorrow to study for 
0,"You know, I was thinking... I need money "
0,omg..its jst teusday 
0,@ddlovato @David_Henrie ummmmm i cant find it. 
0,Just heard that they found Sandra Cantu... She was only 8 yrs old 
0,@corrosivecandy Ive forgotten how to snoo-snoo  I wonder if snoo-snoo and I will ever meet again...
0,@AmaNorris wow that last tweet made me seem like a giant sexist...sorry about that 
0,"My bathtub drain is fired: it haz 1 job 2 do, &amp; it iz FAIL. I got all Drano on its ass, &amp; iz STILL NOT DRAINING. I wanna shower, dangit!! "
0,stuck at home 
0,@nomadicmatt mine is 1/10  how do you get it up?
0,Duckling in famous children's book stolen from Boston's Public Garden - The Boston Globe http://tinyurl.com/dc2htx via @ShareThis OH NO!! 
0,"@Appomattox_News Thank you! However, I hate to be on the same list that includes 2 convicts.  "
0,"Heading to Altrincham, again! Out of hours install "
0,MORNING!!! Good im bloody knackered!!! Work is not for me today  HELPPP!!!! xxx
0,@jeffreecuntstar  I don't have a garage.  But you can park in my driveway!
0,@lauredhel  What happened?
0,"&quot;On popular music&quot; by T.W.Adorno is probably the most difficult reading ever prescribed, I'm actually struggling to continue "
0,"http://twitpic.com/2y36e - cant see the flowers falling  i dont have a camera, just my cellphone"
0,"We've been good. I'm not liking the snow right now, was getting used to the nice Spring-like weather.  How about you?"
0,@brian_armstrong What a pity YouTube is currently blocked in China.  I can't see the vids. 
0,@margaretcho what happened to your show it was the hightlight of my life 
0,This is the best leather sofa in the world!  It's in the office though which means I'm still here working 
0,Still 3 more days until my Internet gets uncapped 
0,"If he doesn't get better in a few days, he could have something lodged in his belly "
0,i Love my atekinzz so much. &amp;&amp; i soo miss her.. 
0,I wanna sneak into the zoo and play with the kitties 
0,@lolitariot oh no  hope you're not getting sick too!
0,@alejandralei i dont think i can cause its my cousins birthday party 
0,"Our sweet little man just fell asleep while waiting up for daddy and big brother to get home!  Poor baby, he missed them so much today!"
0,the angel is going to miss the athlete this weekend 
0,trust is hard 
0,have watched that considering today. yaknow. shawnna tomomorrow;i need my bestfriend 
0,Grr i want to keep reading but if i do i wont have anything left to read 
0,"atekinzz, where in the world are you?? "
0,@RumLover No! u supposed to be my date 
0,"pears &amp; Brie, bottle of Cabernet, and &quot;Win a Date With Tad Hamilton&quot;... oh gawwd my life flashed forward to when I'm 40 with my 75 cats "
0,Crap. I need more dresses too. 
0,@kaeeeep yeah! i know! it was horrible!!!! ugh. saddening. 
0,@Brodhe geez ur no fun are you 
0,I wanna be in a punk rock band again 
0,@jyesmith That's a lot of angst for a Tuesday afternoon 
0,I'm very glad Britney isn't crazy anymore! That was one hell of a show! Now I'm sad that it's over.  Next up...AP at Cook County!
0,has a huuuge headache! omg I feel like crap! 
0,@Anistorm Sorry 
0,@cleders sorry...i was rooting for them too... 
0,"Man, that took forever. "
0,@shandasaurus  I see.
0,I am listing more items on ebay to sell!  Takes forever..meanwhile Coleman is watching The Hills season premier without me.. 
0,"Just got my presentation done, 23 slides done...  I'm crying for this week will be the hardest of all weeks."
0,Just lost $160 
0,I don't like the previously on skins thing that starts at season two. I like it when it went straight into the intro like before 
0,@Houndour ...i wish i was there...i'm pretty good at scaring the shit out of people 
0,Going to sound vain... but running out of my fav lip gloss 
0,"@stuiy never again will I click on a link that screams, &quot;I'm a spider, I'm a spider&quot;. I should have known better. yucky "
0,Why is that when you have time off from work you get sick? 
0,@pratama Same iMac came out $320 more in Indonesia than the States. 
0,Dammit... I need to stop buying furniture 
0,@Miss_Sil no i was half asleep and turned off the laptop after that 
0,"Death is peaceful,  life however, bites "
0, i think @JonathanRKnight lost the net ? sure hope not
0,"http://is.gd/r8Zf,  http://is.gd/r8Zy, and  http://is.gd/r8ZG - test footage with my girlfriend (in HD) The dark one is underxposed "
0,Such a tough game to watch tonight for State  Finally going to bed after also staying up to watch the season premiere of the Hills!
0,Seems jRuby support for hpricot is now two versions behind 
0,@JinxCat Unlike my sister...I still don't have one 
0,Fraking app store is pissing me off   http://tinyurl.com/c4ooho
0,Logging out. I need to study.... 
0,anyone else having problems accessing TTB??? I cant get on!!! 
0,I strongly dislike people who make stupid comments and dont know the whole story 
0,"@emmaketurah  i'm sorry Emma, is swarley a goldfish? i'm sad for u."
0,"All my tweets are already gone, aren't they  Missed you guys tonight."
0,Can't sleep again. Face is kinda swollen. Don't let me be allergic to the thing that'll get me to Thursday. School tomorrow? Doubtful. 
0,"@Snick_the_Dog If Izzy's on the cat tree, she'll stare him down, but if she's on the floor, he chases and she runs. "
0,I am officially banning godaddy.com from my comp. My head hurts from the small print AND I wasted $10 that could've happily gone to Boba 
0,@HumanOpium pretty much just scary for me 
0,@ilovepie mines too... I'm finding it well hard to get fit... 
0,"Good morning! Ready 2 go, but I want 2 go back 2 bed "
0,hates waiting for mails 
0,wheat bread from the dollar store just doesn't toast nicely  going over my taxes and calling it an early night
0,"Why Kutner? I mean I knew something was going to happen to someone but it was so sad. I &lt;3 House and it was well done, but I'm still sad "
0,@JonathanRKnight aw ok goonite....  
0,ill so i cant go to the cinema!! 
0,Fell asleep . . . Really didn't mean too  *christina*
0,"@KelleyRowe hey, you remember that time we used to be friends?? ;)  ugh. vomit. sick.  i need sleep "
0,my lymph nodes are as massive as rahm emanuel's balls right now 
0,Oh no my computer sucks. I don't think i'll be able to listen to the Xbox 360 Fancast tonite 
0,is missing playing my trumpet 
0,My throat is still really sore. I was meant to be going on a 5 day camp from Friday but not so sure now 
0,@sasii I know exactly how you feel! 
0,At work 
0,Well bed time now. 1 am. *sighs* Back to 6 am mornings for a week on Wednesday. 
0,@hert Jesus Camp? Yeah... 
0,"@MaryBethune oh no! with everything that happened today, i forgot we were going dress shopping for the opera tomorrow. "
0,Turtles are better than my Mac - lasts longer and moves faster 
0,I am soaked. This is not pleasant 
0,@ginayates Sorry to hear about Maggie.    Thoughts to your mum.
0,"@ewarden, you may have to email this one to me  I hope you feel better."
0,@miamiiboii dead @ yu gettin on wen im leavin 
0,@arlenecd PLEASE TELL ME THAT'S SOMEWHERE CLOSE TO CALIFORNIA!!! LOL! 
0,@phlaimeaux where are you? 
0,stupid arranged marriages... i'll convert so you can marry me...love you! 
0,"@emilyruppe Well he said that he is a looser, and that is what the show implies "
0,Poor Sandra Cantu &amp; the Cantu family! My prayers go out to them! What a sick world we live in. She was only 8 
0,fuck omg  austins always there though man &lt;3 love you
0,@nicolerichie I cried so hard when Matthew died 
0,sad that the 'feet' of my macbook just fell off : sad that the 'feet' of my macbook just fell off 
0,@chordsy - why am I the last to find out about these things? Like that you're on the twitter too. 
0,@lovebscott absolutely not!! 
0,http://twitpic.com/2y3cf - Filled with curry  the true indian in me is coming out
0,im soooo cold right now 
0,@heidimontag lol I kant believe cam got beat upp sooo embarasssiiiin 
0,@JonathanRKnight Good Knight hun! Looking forward to ur tweets again! Hate that i keep missing out on the fun cuz of the time difference 
0,Tumblr: This is exactly how it feels wearing a ï¿½tieï¿½  http://tinyurl.com/c8bvqh
0,@daniela_95616 hahaa!! i just realized &quot;impune&quot; definitely isnt the word i wanted... dang. i'm so unclever. 
0,watching old videos of dance team and such... makes me miss it  
0,Wahh  no CSI anywhere! DVR'ed I Love Money 2 though - gonna watch it then sleep - Goodnight Tweeters&lt;3
0,Struggling hard with Inventory 
0,@ddlovato Do you hate us?? Please don't 
0,@ballinbitch haha im not THAT ballin. I still got bills to paaaaay 
0,I'm in one of those days when I really just want to work from home.  Crap. 
0,@paul_e_wog Wait...is it a game or just episodes? I'm so confused. 
0,@carlyw66 HAHA. I cried...  I guess he did....
0,I don't get statistics!  Its all a bunch of mumbo jumbo for me.
0,"@sloanb Got it, sadly, only works for UK &amp; US at the moment "
0,Evicted 
0,doesn't enjoy learning CSS. 
0,@nachojohnny Brian don't make me fuck u up LOL I replied 2 ur message...did u get my # ? I miss u 
0,"@heidimontag I  dvr'd it and went to watch it, apparently the dish network went down SO I MISSED IT    I will have to catch a rerun!"
0,@JessDubb lmao. U may have to wait for another season to come thru. its summe boo. Hot nd dry ass weather 
0,@LizChavez I can't set my feet on the ground. The missing eyelid people might get me!  
0,@daniela_95616 my english professor would be ashamed. 
0,[-O] I wish the frogs weren't becoming extinct    http://tinyurl.com/cxe8w7
0,"Came home from Cross County, Tired as "
0,I don't want to walk home in this snow. Who wants to pick me up? 
0,"@heidimontag Lauren is being stubborn. she loves you, you love her.  I feel so bad for you, though. it made me cry  lol!"
0,is grouchy. and wants bmar 
0,"my heart is broken every morning dropping Foo at pre school, now i understand when moms say &quot;he has my heart broken&quot;. "
0,Not feeling well and back hurts 
0,Im in the mood for some chocolate. I want..... Miniature Reeses cups. Now 
0,I can't take this heat! It's like an oven in here. I feel sick nwo 
0,@nick_carter Come to the chat  just 15 minutes  please? http://fanclub.backstreetboys.com/chat.php
0,Boredd. Colddd  Internet keeps stuffing up
0,"I had a horrible nightmare last night which affected my sleep, now I'm really tired "
0,"im lonely  keep me company! 22 female, new york"
0,@Born_4_Broadway Lost  and it was St. Ignacius Prepatory School. Haha.
0,@birutagme yeah  it was really depressing... stuff like that gets to me
0,"@whoisariston No problem, tongue-in-cheek remark.  Lots of acronyms, but no NZ "
0,@greggrunberg hey you said matt was gonna go all ballistic... i was disappointed  good ep tho mostly
0,ugh horrible ending to the sandra kantu story  prayers go out.
0,@danielledeleasa http://twitpic.com/2y1pe - I hate 2 B allergic  i want a puppy soo bad that i've already thought some cool names
0,Morning folks 7.00 am ..yawn! Up &amp; away to see to horses - hope Twitter is better behaved today!  Last night was a travesty 
0,@QuanDotCom I miss mine too! 
0,@AmandaEnglund Sorry to hear about your loss.     There have been many this year so far.
0,@nicolerichie Gossip Girl was a repeat 
0,@InYourEyes2410 I reckon 
0,finding it really hard to use twitter 
0,I've been stuck in this house for two days 
0,is really sad and doesn't really know y!!??!!! 
0,@thousand_miles no 
0,"Maybe one of these years I'll get a tax return.  A girl can dream, right?"
0,"Back at work, tired as hell and i feel a cold coming "
0,@clarianne @Knot2serious APRIL 9TH ISN'T COMING SOON ENOUGH 
0,"@hannahsix cream for his eye and he may have herpes - not ocular herpes, but a different strain.    He's doing okay though."
0,gotta repeat  whole art folio cuz old one with a whole terms work got wet 
0,I'm ready for the weekend already. It's only Monday. 
0,@lovebscott umm nope..think im an insomniac ..plus i got the flu...i'lll be sleepin like a phuckin fish outta water any minute now! 
0,"has Finland sleeping for the night, not really enough time "
0,@lunafiko can't wait to try em but prolly have to wait until next weekend at the earliest 
0,Shiner is taking up all my bed and blankets! 
0,@clarianne APRIL 9TH ISN'T COMING SOON ENOUGH 
0,wants to cry 
0,I need to go to the bank tomorrow before I go broke... 
0,"This earthquake in italy has me sadden.  it's only three hours away from naples, where my family is "
0,"i should be sleeping, i have a stressed out week coming to me. "
0,@dragoneer Yea   I am working tp hack my server to do the 12player thing for folks
0,has hurt her ankle!! and is going to the dr 
0,@raymondroman oh noes. how did you manage to send something to the trash can AND empty it without noticing! i feel for ya 
0,Lost my free copy of radioactive so can't put it on my ipod grr!And i can't go out + buy 'nother coz it came with that paper 
0,doing make up shit 
0,"Photoshop, I hate it when you crash "
0,vacations makes me feel sick! 
0,you shouldn't have gone 
0,listening to Murd and 9th wonder- just chillen out missing my crazy sex life  
0,"@louie094: shooting!?!! be careful, luisa "
0,@hillary006 I'm sure everyone has ruined my gift to you  Whitney has my serious Cell #...We doing easter as well?
0,is at Beso in Hollywood... so tired 
0,"I don't want to wake up early tomorrow.  Damn you, work!"
0,just finished watching the movie Prayers for Bobby. Broke my heart 
0,@syekr is myki really horrible? 
0,@stephenkruiser i had 2 put my dog down today too  someone ran her over
0,@NevadaWolf Sorry to hear about your DNF run tonight. Always a risk to get bad coords on an FTF!! 
0,"@Honey3223 I did get some disgruntled people when I wrote my ESN, but the 1000 hits in one day made up for it. Bill pulls in 250 tops "
0,"@moony394 OHH! OMG. LMAO. I'm crying right now, LOL! KUTNERRRR was the best! "
0,came back from running and took a shower...why does my lower stomach still hurt after exercising? 
0,watching Fallon with mom and working on a project...school is hard 
0,56 min till home time and counting! I have a craving to visit the MAC store but they will have closed by the time I get there 
0,@stephenkruiser I am so sorry to hear that!  Take care!
0,@PaulColes  hmmm...greed is good when it motivates the individual to do better-not so much when it takes away from others 
0,"@GABBYiSACTiVE brat! You have to rub it in, don't you.... I want a mocha "
0,KUTNERRRR!  WHY??? WHY??????  And to think that 13 is still on the show?? UGH. Kutner/Kal Penn - you've been the bright star in Ho ...
0,@redvinylgirl my mom has it. I wish you the best of luck 
0,I so hate homeworks -.- My head hurts so bad 
0,got the ebay blues! item i want jumped from no bidders to over $100 in an hour.. still has 3 hours to go. i'd better not get my hopes up 
0,@gigdiary I know -  was a little depressed that we ate so much last night there were no leftovers today 
0,"well the pc in my living room suffered a fatal partion lost, all my itunes library is gone.. and some docs with pics.... "
0,sad day: manu out for the season 
0,@stephenkruiser You poor spunky...its so sad...my Rotti made it to 10 and I had to go down the same path....I know how you feel 
0,im sooo sad right now  i need a hug
0,"wants her step brother home  im so worried, you dont even know. i hope he knows how much i care for him..."
0,@heidimontag just got done watching the hills! loved it! excited for the next episode! and im sad this is the last season! 
0,@ryanmwilson aww that stinks!  *hugs*
0,"I'm tired. I feel like crap. And the world feels all crummy. Make me happy, USB disco mouse. "
0,"i dont want to believe what im reading...buu,so sad "
0,Wondering why gamebattles is down 
0,White trash vs us... We were outnumbered.  http://twitpic.com/2y3jp
0,"@emitstop So true, I have it and don't use it "
0,"Spring break is here at last, but no one is here to celebrate "
0,Morning! Bah Car won't start.. waiting for the ANWB.... 
0,"@katebornstein which is pretty anti memorial tattoos   but for all but the strictest, there's no official BAN, just disapproving family"
0,"Balamurugan, a longterm member of the team is leaving this month. We'll miss working with him  hope he does well in his next venture"
0,@JustGelo Its sad knowing how they found her body. What a crazy world we live in. No child deserves that ya know. 
0,"I wanna rock a Maxi dress @ Coachella, but lacking funding "
0,Of course the baby is screaming in the crib the night before my first day back at work.  So I let him cry it out? Boooo
0,"I am home missing my baby  Busy week ahead Fri is a chill day with my guy and kids, Egg hunt Sat, Spiral and DMB Sat night and Easter!"
0,@FollowSavvy I never found her. everytime I click on her twitter thing through your myspace..... it goes to some dude's page 
0,@stephenkruiser that's horrible  sorryto hear that.
0,@David_Henrie i cant find it! it says dtmafiaofficial doesnt exist!there's jus 1 dtmafia i found n u dun seem to b followin it  wht to do?
0,i thought you would support me on this 
0,"augh, eff sarth  i stole some of MIL's nail polish, its pretty! =o"
0,Wishes I was on the Spring Fling Tour with Dawn &amp; neecee Sigh  G'knight
0,The Hoyts Distribution NZ website isn't working for me. Great. And it HAS to be like this when I need it most 
0,@crummyasshole i don't like that they only had him in the first movie  cillian murphy is hot 
0,wishes for good old cartoons to come back. ie: Captain Planet! Where's Wally! Daria! (sadness  )
0,not feeling v good abt myself 
0,i just got a text from sarah 
0,Another day at centre point - this time an early start so guessing train will be rammed with commuters 
0,"Four games this fall: Modern Warfare 2, Halo 3 ODST, Brutal Legend, and Bioshock 2 I need more cash "
0,"@d_castillo ugh, that's disconcerting "
0,@Devinthedude007 actually the whole site has finally been taken over by those damn russians 
0,MY TWEETS ARENT GOING THROUGH 
0,"Just finished a delicious breakfast, my last in Paris  I'll miss milk, europe has the tastiest milk in the world, I don't drink it in US."
0,"iLearn is down and out, great considering finals are this week... "
0,@Carmonium i'm stressed outttt 
0,Also I shouldve Bern asleep an hour ago 
0,trying to figure out this twitter thing...none of my friends are on  yet. Soo much to see.
0,Re-pinging @Kyle44: Custom icons I made! =] look cool but the edges could be less square  might look bad on a diff background
0,I want to be back in LA 
0,@enterbelladonna i dunno how to use the forum and i get frustrated with it. i'll miss talking to you on here. 
0,@lilbucknuts41 not an option 
0,@georgeruiz Unfortunately one of those moments wasn't a giant squid monster. 
0,@thestar_rage I want one too    is the branch in MidV open too?
0,"@daNanner aw, sorry to hear that. "
0,"Change of plans, we ordered Macs instead. Time to hit the books! "
0,@polhillian YUP. 
0,@NKDreamer did you see Donnie's tweet stats? almost 700 @ replies...and no JRK 
0,"@tim_grainger nah, I haven't received my stimulus yet "
0,@ikimb0 i just seen ur tweet . plz write bak if u get this. i havnt got one reply bak 
0,@McCainBlogette Awwwww and you were trying to go to sleep 3 hours ago 
0,"@stephenkruiser I'm so sorry to hear that.  It's always sad when we lose those close to us, as we loved them."
0,cant sleep but im still feelin like a piece of shit 
0,@stephenkruiser oh  my sympathies. it's a hard decision. i always hope my old border collie will go in her sleep. she's 14 too. *hug*
0,@josephheustess ...well there was this really cool part where... i wont spoil it 
0,@limbecky I'm doing the time warp without you and am sad. 
0,"@theresawhite this is true, lol but it's still a slap in the face after such a warm end of march "
0,I hate converting movies just to put em on my itouch 
0,gross i have a pimple 
0,@Torturedlady yea  ma'naaaaaaaaaaaaaaaaaaaam (marwan accent) lol
0,one less follower tonight 
0,@Unholyknight so did your mom last night.  brb while I figure out whether I just burned you or myself the most.
0,I feel like I am the only &quot;twitterer&quot; not on TweetDeck. 
0,@Wyldceltic1 He has Karate tournament in 8 weeks  
0,going to sleep can't be up until 1am again...and no I didn't finish my statistics homework! 
0,North carolina baby!! Aint nothin stopping them but the nba draft 
0,Can't sleep again 
0,"I reaaly miss john mayer's twitters.  fuck rude people. Remove him if you don't like his tweets, bitchfucks."
0,is going to have a late one at MQU today 
0,im so tired of work...i need a life.... 
0,"just leavin work, my feet hurt "
0,@PlayRadioPlay that was so sad and unexpected.  i totally cried haha.
0,Superneej: Morning! Bah Car won't start.. waiting for the ANWB.... 
0,Still doing my homework!!! 
0,A little sad 
0,@deepbluesealove My Mom &amp; Dad both get up around 6...too early for me 
0,should've been asleep two hours ago 
0,@stephenkruiser So sorry to hear about your dog. 
0,"Funny how the little things make me homesick, criminals breakn n2 a brownstone on LawNOrd CI made me misty "
0,"@djsoulsister yeah, great vid. I had the 12&quot; single, but sold it a few years ago "
0,im on val's mac in iitsc clubroom. still sweating 
0,@stephenkruiser awww so sad!!!  I'm so sorry!!
0,UpdatingFFE.  That gives me nothing to do for a good twenty minutes!
0,"Hot compress not rily workng for pulled muscle  gng to bed, good night"
0,Have an invite for &quot;Healthy Dining&quot; session at Ashok Hotel today with Exec Chef R.Chopra but damn workload - will have to skip it! 
0,@stephenkruiser I'm so sorry to hear about your dog   wishing you happier days to come!
0,@hellivina I miss 'em too. 
0,"@misstoriblack cool , i have no tweet apps  for my razr 2"
0,I'm off too bed. I gotta wake up hella early tomorrow morning. 
0,still procrastinating... i hate organizing my clothes  there's just so much....
0,"Just been playing with the new Mobbler v0.4.0 and it adds some great new features, but won't play music on my E71, like v0.3.5 did "
0,@latroneb oh but there's one bestie missing 
0,"@esuriospiritus time to come back to flawda for double dates! no, seriously, i'm sorry to hear that. "
0,I'm up way to late to be working for a client 12:10 AM  #fb
0,blegghhhh i have to go to work 
0,Back at work  @ John Muir Dr http://loopt.us/KoqAbg
0,@DAChesterFrench I emailed you yesterday and u never responded 
0,It's going to be a long year for A's fans. 
0,Just got done watching the new House episode.Definitely one of the saddest episodes ever. 
0,Man... taxes suck.  I'm horrified that i did something wrong on them.  TurboTax decided to keep around a lot of the stuff I turned off.  
0,Sleep time.  Tomorrow is gonna suck 
0,WTF Not Kutner!  Oh I'm so pissed @ House.  I mean really WTF   
0,@AmberPacific i know i dont know why i said that 
0,CASH RULES EVERYTHING AROUND ME 
0,Just picked up some oats from the market to eat for breakfast with my boy @adamgoldston now time to do work at USC... late night 
0,i feel sick  too much icecream
0,@faithgg45  this computer doesn't have shockwave...blah  no account yet
0,@RubyRose1 awww wish i could go! but its in sydney 
0,@luxuryprgal hahaha suriously! I feel like everyone knows this show is a joke except lc! 
0,"I just can't spell today, i totally suck "
0,are you vaccinated against chicken-pox?should I vaccinate my 3 yr old?I am SO confused about this damn thing 
0,@ school  at least last day!!!!!!
0,Yawwwn! Gotta get up early tomorrow  who's ready for the weekend???
0,i miss being at home for calving season...sad that black one died this morning  wish i had some bottle calves!
0,@stephenkruiser i so sorry for your loss. my brother dog sam is sick w/cushings disease. 
0,Back to work. I get to spend the next 8 hours alone in the dispatch room 
0,"there's a new kind of starburst: favereds. sounds fab, bc cherry and strawberry are MY fav red's but they added watermellon and its yucky "
0,"Well, so much for being productive on my 2 days off from Angels "
0,@andreabakes Oh gee - insomnia sucks   Have you tried melatonin?
0,@vivekg86 Good to hear that we have support in NetBeans. But then its NetBeans you know 
0,@heidimontag I wish we would get it the same time at the rest of world. unfornately I am in Cairo and have to wait for mtva to play it 
0,heartbroken over little sandra. prayers are with the family. 
0,"@hadtobeyou I'm at 900 words, it's all can do  I'll finish tomorrow maybe"
0,@shortiethug how come ur background covers the screen but mine is in the corner? 
0,"Wrote exactly three lines of dialogue tonight, then gave up. "
0,@ashman01 My only complaint about Facebook is they've changed it so much it's confusing 
0,Sliced my finger 
0,going thru town and traffic on bypass is stink 
0,Ugh can't sleep.  Wish i had a good cuddle to  Make me ass out 
0,I hate when software update downloads updates without telling me. I never know what's downloading when it is 
0,went to ihop again. Great for a diet   At least there were no kung foo pancakes this time. -Rachel-
0,The internet is hating me. Night i s'pose. 
0,@contactabe I'm so jealous.  I missed all of opening day this year 
0,It's so cruel having to wait for reviews to come in.  So far it looks like Star Trek will be the best film of the year!
0,"Debating if I should just shower now, so I can sleep a little later tomorrow "
0,My stress always culminates with physical pain.  
0,need to sleep. but cant 
0,my little pinky finger hurts so much.. 
0,@sarahsaturday I'm sorry your gift card ran out.... That suck. 
0,home for spring break. no one is home tho 
0,I accessed oneindia.mobi from a Google phone (Android). It doesn't support Indic languages 
0,Why does school take over your life so much you don't get sleep anymore  .. I am still doing school work and have more to do as well
0,@MTsiaklides aw I wish I could! I can't really speak to my yia yia because she doesn't speak english 
0,@winggato no free comp lol 
0,getting ready to clean the house from top to bottom 
0,crying  my friend is moving away tomorrow 
0,@swiftkaratechop STOP NOMNOMS!!!! ..you didn't share!  Night peoples!!
0,"thinks she is getting a cold that she caught from Daddy.  Oh no, my trip would be ruined. "
0,@moony394 yeah  is it bcoz kal penn is a visiting lecturer somewhere n cant be on the show anymore? im gonna miss him 
0,So the procrastination starts early in the quarter. I don't want to reaaaaad and write a paper 
0,What? Apparently it's 52 degress at 11pm in Washington State. I miss winter already 
0,being bored at homee 
0,massage was great. i just spilled coke all over my desk  lame. watching the simpsons as i've finished all my hills dvds.
0,@nick_carter I will wait for you at fanclub chat.. even tough you're not my favorite 
0,has a mild left inner ear infection.. and its got this irritating &quot;blocked&quot; feeling since sunday.. 
0,@JaneBodehouse Hey there! Nope. My cuteness @HoytFortenberry is away for awhile 
0,It's only tuesday 
0,Haha not even yo. I just didn't know how to do that @thang to you on twitter  Haha
0,Someones alarm clock or a phone woke me up at 3am...Still got my headache from yesterday night 
0,@kalichosich awww poor puppy is she ok? 
0,i might break down and eat some buffalo wings tomorrow 
0,"Sittin here w/Kayla, I really really reallly dis-like having a brother.  He doesn't know when to stop. I'm waiting for the day when one of"
0,Fed bokkie too many birthday treats-sicko 
0,"'s Kinda Bummed. An Agency Just Told Me That I Didn't Have The 'LOOK' That They Were Going For. Ladies, Please Help Me Create The 'LOOK' "
0,Work laptop is officially dead .. Not happy at all.. 
0,"My goodness, it's freezing down here !!!!! "
0,@heidimontag why do you put up with him!!!!!  You should listen to your mom 
0,is stucked in Paris and can't even travel into France (for work) 
0,"@JoannaFBeckett, i don't think there's one close by. Last time I checked, the closest one was 70 miles away! "
0,aaaaand back to my literature review  At least i have a friendly cup of coffee to keep me company.
0,I am worried that I won't get my $900 even though I paid a buttload of tax last year ! 
0,"Okay, so.. STILL NO SCHOOL!!!! "
0,IS PHONELESS  ...NOW OFF TOO SLEEP
0,"Reeked of alcohol at the dentist this morning + was drunk when i put on my tshirt, realised it had a huge stain. Dentist looked disgusted "
0,it is really cold 
0,cant sleep  she wants to dream!!
0,Can't sleep  I hate these nights when I try to go to bed early and stay awake for hours. Poo!
0,@rootbeersoup Yeah. Too bad people like a certain burrito-eating man exist. 
0,@Cronotriggers  that's sad.
0,just found out that my mum  and my adopted auntie are on twitter.. check them out my mum is TessM64 and my awesome as auntie is tania38
0,"Cannot sleep....WIDE AWAKE!!...and I gotta go to work later too. Boy, am I going to have a crappy day. "
0,struggling with eam law 
0,Why can't I sleep like her  http://twitpic.com/2y3ty
0,Bouts to start 24. Poor linny couldn't keep her eyes open.  she tired and has to work tomorrow morning. Night @ilovefatsusan.
0,My 4 year old (18 year old) is driving me around the twist...i don't want to be like this 
0,"Well, that sucked. "
0,i have to be out of my place in 3 days...any help i can get packing/painting/cleaning is much appreciated. oh. and RIP my wall  
0,"Opening a partially frozen beer= Beer on the toaster, under the oven and all over the counter. The kitchen smells like we run a speakeasy "
0,@stewiebrittany no  i dont even know how to ride it
0,"@MonaSmith sadly, yes. i think i need counciling now "
0,"making myself ready for school...don't feel like going, but have two tests "
0,Smugness gone. My train also failed to turn up so I'm heading for Victoria followed by an unpleasant tube ride to the City. 
0,Anybody know where my iPod went? 
0,"aww this earthquake in Italy has made me sad  just saw the pics on the news, it's terrible."
0,@lilibat never been able to afford to get them out. I'd much rather go through the extraction than continue with what I deal with now. 
0, Why do other pet care people try to run others out of business? Or send suspicious e-mails fishing for info?
0,@kameelahwrites &lt;33 codez....they've been MIA tho 
0,@reannaremick doesnt work on my cell  go to sleep! =P
0,it's going to be nice again tomorrow and then the rain comes back. no nice weather for my birthday 
0,@taliasunset rock band is hard..on expert!!! 
0,@beachbassbone: roomie was home all day. All he had to do was scratch at the door. Comforter has to goto large laundromat machines. 
0,"One of the hardest thing with this schedule, no one I can chat with at the end of my day usually "
0,they killed off a character on one of my favorite shows and now i'm upset 
0,jealous of my friends who got to see the new Star Trek film in Austin tonight. 
0,Listening to Q! I got a really bad headache and a drivin lesson in ten mins.... Lucky me  i just wana sleeep!  
0,"@Steve_Buscemi SHUT UP you...I am hungry! And in Britain, home of the most boring suckassy breakfast in the world!  I MISS DENNYS!!"
0,good morning everybody! pkoi y fais pas beau  bon coffee time!
0,work again 
0,Essay time.... 
0,@chauncey78 hey did u talk to mom.. r they home yet? i hope they r ok.. wish i was coming home 4 easter.. 
0,"@endearingevania I sure wish I could go with you guys tmrw. But as per usual, school interferes. "
0,@widyatarina say what??? kal penn's leaving house?! noooooo!!! awww... i totally missed it tonight 
0,no! i lost a loyal 
0,played another hand very bad and lost half my stack 
0,It's 6.20pm - early days in a looooooong night at work 
0,@yaykimo It's sad it's the last season.  I wanna see when Spencer calls Lauren!
0,So Im done editing &quot;The Phipstape&quot;. Back 2 crack a brew and see what we got............. no trees though 
0,@rj i don't know what half of that means 
0,homework homework homework 
0,"worked his heart out today, doubling my weight at each station. Result: Stiff and pulled muscles... OUCH! "
0,@MeLaMachinko now i feel bad for unfollowing. 
0,"So... Tired... God I hate the new job, and only two days in "
0,Sad about Kutner being killed off my fav show House! 
0,happy for Coach Stringer (HOF c/o 2009!)...now if I can only finish my term paper on her 
0,I feel like shit. This is NOT the way I want to spend my birthday's eve 
0,"so far i have 311 on all my sites put together,  most of them were me checking out the updates i made......"
0,has a lot on her mind. I needs to make some moneys. And ideas. Nowhere is hiring! 
0,@emiliexclarkex miss you 
0,@stephenkruiser I'm so sorry to hear about your dog 
0,Too much internet. How it plagues me 
0,i miss my ex soo much 
0,Sodding M25   http://twitpic.com/2y3y0
0,oh I thought the pirate bay trial verdict was today :-s apparently it's in 10 days 
0,@featherinair call me back. 
0,"is in study hall now, and i will log off immediately.  http://plurk.com/p/mzxbg"
0,it so tired that im crying for no reason at all. im about to try to get an hour and a half in for tonight. half what i got last night. 
0,"I totally have like...  four girl options, and none of them seem viable "
0,"so far i have 311 veiws on all my sites put together,  most of them were me checking out the updates i made......"
0,Listening to Bjork's All is full of Love... crying 
0,"Omg the hills! Then I love money2, aww I think becky buckwild goes "
0,is craving for some tantan nabe  http://plurk.com/p/mzxcs
0,C'mon sean man 
0,Watching &quot;a league of their own&quot;...makes me miss mint chocolate ice cream cones and my grand ma  fuck.
0,"Lost my phone some where.maybe in the grass, its just so long, hope it doesn't rain "
0,@tomatosalsa hope you aren't referring to me  say hello to your new stalker LOL
0,@brettyboo why were u sleeping?! Ur gonna be up all night now  how was ur bike ride?
0,"@SLessard But, but, but . . I wanna listen to the masters too!  "
0,"@Sephystryx I've been looking about for good stuff to write, but also been doing loads of uni work "
0,i feel unloved. dropped 2 tweeters 
0,"Off to London for the day on Thursday, it's gonna be raining, oh fab  won't see much on the London Eye! Still Robbie won't care bless him"
0,Completely wiped and reloaded the 8900.... Lost all BBM contacts    Going to bed sad.
0,@mykele sayyyy whaaaa? I wasn't invited... 
0,Didn't sleep too bad considering I have a workshop starting today. Beginnings of a sore throat though 
0,@astewart87 oh my gosh that made me emotional haha idk why!!! i dont want to get old 
0,We're going to post some stories manually due to Twitterfeed problem. That's why we've been so quiet lately .... 
0,i don't like lukewarm showers 
0,@linuxfoundation - Who should I contact if I need a 1099 for freelance work I did on Linux.com throughout 2008? Never got one. 
0,"@skylineking722 connor, it's me, febi  are you really really mad at me??"
0,"Need some help?! Want to buy a Macbook pro, but still inlove with my old powerbook! "
0,@michaeltao man america is so .. borez anyway lol i just realized you sent me msgs on here. i had no idea. i have no flash 
0,@hellivina @IHOPness g'knight lovely ladies. i'm sleepy now 
0,Does anybody know how to get your electrolytes back in order? With a vitamin work? I feel sick. 
0,"@sudam08  yes, someone hasn't been reading my posts properly  "
0,Almost through with my Italian homework!  Weeeeee.... now if I only understood what I was doing.  
0,Who turned the lights on? It will be time to get ip then 
0,@therealnph Twitter hates us both then.  
0,I hate the fact that I'm genuinely excited about my last tweet 
0,@celesteclara i can't sleep either 
0,"@TheBlondeTheory Between that and the Italy earthquake, it's been a very sad news day. "
0,@champagnemanoir all rain today  . Garden really needs it so not quite so bad.
0,Yawn yawn yawn!! 10 more minutes in bed 
0,@MajesticFlame ouch - sounds very sucky 
0,@bengottlieb Great idea with the iTunes promo codes - they don't work in the UK iTunes store though 
0,@mattycus  *cry* 
0,"@RumLover An empty rum barrel is a sad rum barrel. *shakes head* the horror, the horror.  "
0,It was a sleepless night 
0,@BillyBush she admitted to being a fake  
0,@BATMANNN  i love chutney......
0,got highly bored today scanning 24 pages for daddy. Had to do it! 
0,@misterphipps you cooked risotto without me!!??? 
0,Keeeerrrrriiiiii!!!!  I really have nothing better to do then post on this thing at 224am.....wonderfullll. Says alot.
0,YAY FOR BASEBALL SEASON! boo to yankees losing their first game 
0,LOST sucks  ... because i have to work today
0,omg exams killed me  how could i not know the difference between haif a circle and a hemisphere &lt;/3 &gt;
0,In bed... I suddenly feel  I wish MA was here w/me... Goodnight TwitterFam
0,@RachelCmrn I don't like goodnights 
0,Greaaat my lappy won't turn on  wtffffff
0,"@M4RKM  You stuck in traffic then? My journey was traffic free this morning, if it's any help."
0,Lookin like an all-nighter. I hate it when I do this to myself 
0,@vernonhamilton You're a stranger   
0,"Debbugging old VB6 code, the day could have started better . . .  "
0,@toddlington only a quarter of a percent babe  darn
0,"Coming down with a cold or bad allergies. Either way, I'm miserable! "
0,"Can't believe Cutner is dead on House! Sad day.  in Santa Rosa, CA http://loopt.us/ORPL3A"
0,Damnit I was really digging this season of Reaper  http://www.tv.com/story/13720.html?ref_story_id=13720&amp;ref_type=1101&amp;ref_name=story
0,"Gah, Comcast doubled our cable/internet bill w/out telling us, so we are quitting.  Can anyone suggest an affordable company in bay area?"
0,"Another early morn with the Duchess, although she hadn't managed to cross her legs this time "
0,@alexbigman you left without saying hi! 
0,"l want, but I can't sleep "
0,"@TracyDowds When an Xbox shows those three red lights, it means it's dead and needs to be fixed for a month at Microsoft HQ. "
0,"A king sized bed is nice but sad and lonely with no hubby, puppy, or kitty   I am over this whole conferenceing thing."
0,im boredd. gah  i wish i could just sleep and get it over with but ive had toooo muchh cooooffffeeeeeeeee  bahaha
0,@whyinthehell If I may butt in again.  I'm done being nosey.  sorry your conversation was just so interesting!
0,@smokey_robinson  you fell off my list...did I offend you?  
0,"18 weeks till sisters home.. i missed her call, again! its the worst feeling in the world. "
0,gonna try to get some sleep in this hotel room 
0,@chimpytwit brilliant idea. just bring as much as you think you'll spend &amp; I'll swap you. bring a brolly 
0,@SimoneKali Get me an autograph and shout out! You have to record it though. My computer is dead so I can't listen. 
0,rt @KimKardashian Khloe just got fired from the Apprentice 
0,in biology class. my lip hurts 
0,Sorry for the next tweet... 
0,Grr not down to go to school today 
0,@jennlopez I had to get an HD tivo and just got it set up tonight in order to get channels 40 - 59. 
0,@mouthsex i asked everyone how they were doing yesterday and not a single tweet back 
0,@adame ruddy money!! i like it!! still waiting here.... oh what a surprise... by state too?? hmmm....... seriously!! 
0,@Kal_Penn I am so sad  Kutner was my favorite of the new team!!
0,@MarcusMims wow i didn't get an &quot;hello&quot; u suck 
0,"bedtime, school tomorrow, and i still have no books  being broke suckssss"
0,Seating here helping my baby with his papers...well he is forcing me too seat with him  im sleepy
0,Synching my contacts from my old mobile to iPhone. Import does not work well 
0,i can't concentrate 
0,I've just spent 1 hour to enter all the bureaucratic nonsense for March. What a waste of my time 
0,Nw more confused then ever! 
0,"Not feeling well again. Stupid migraine making my tummy upset.  and my whole body aches, shoot me now."
0,Reading Buyology before bedtime... great premise but only turning out to be an &quot;OK&quot; book - lots of info I already knew 
0,"Home! I really wana sleep, but due to wasting my free line in town I have an assignment to finish "
0,@hellobebe I also send some updates in plurk but i upload photos on twitter!  you didnt see any of my updates on plurk? Zero? 
0,omg... &quot;The Reader&quot; is making me 
0,"@cloudpimps d'oh! At least you're getting a decent exchange rate at the moment, sterling is still getting flogged "
0,tried to download tweetdeck but it wont download 
0,There's an inch of snow on the ground (and counting). I'm worried about the poor flowers 
0,@dweeman why aren't you a happy camper? 
0,"@dkoenigs thanks man.  I'm so very grateful.  I feel unworthy of such attention, though, because I'm in this because of myself... "
0,@t_wolfe  i miss u too. i'm totally comin back tho! Lastnight was sooooooo much fun!
0,@sniffinglue ohhh. I love it. ps I'm sad we didn't get to hang out 
0,And somehow I still end up in this place 
0,"@kisluvkis oh that is very sad, poor boy. "
